"DESCRIPTION","DURATION IN MS","NAME","PARENT SUITE","START TIME","STATUS","STOP TIME","SUB SUITE","SUITE","TEST CLASS","TEST METHOD"
"","215","test_panel_toggle_hide","tests","2026-09-28","passed","2026-09-28","TestDynamicVisibility","test_dynamic_visibility","",""
"","45","test_table_row_count","tests","2026-09-28","passed","2026-09-28","TestTables","test_tables","",""
"","577","test_valid_form_submit","tests","2026-09-28","passed","2026-09-28","TestForms","test_forms","",""
"","79","test_iframe_content_access","tests","2026-09-28","passed","2026-09-28","TestIFrames","test_iframes","",""
"","110","test_date_input_fill","tests","2026-09-28","passed","2026-09-28","TestInputs","test_inputs","",""
"","172","test_primary_button_click","tests","2026-09-28","passed","2026-09-28","TestButtons","test_buttons","",""
"","2109","test_async_load_success","tests","2026-09-28","passed","2026-09-28","TestAsyncButtons","test_async_buttons","",""
"","81","test_slider_value_change","tests","2026-09-28","passed","2026-09-28","TestSlider","test_slider","",""
"","125","test_number_input_fill","tests","2026-09-28","passed","2026-09-28","TestInputs","test_inputs","",""
"","245","test_agree_checkbox_check","tests","2026-09-28","passed","2026-09-28","TestCheckboxes","test_checkboxes","",""
"","354","test_form_validation[full_name-]","tests","2026-09-28","passed","2026-09-28","TestForms","test_forms","",""
"","105","test_disabled_button_state","tests","2026-09-28","passed","2026-09-28","TestButtons","test_buttons","",""
"","136","test_table_edit_action","tests","2026-09-28","passed","2026-09-28","TestTables","test_tables","",""
"","99","test_text_input_fill","tests","2026-09-28","passed","2026-09-28","TestInputs","test_inputs","",""
"","115","test_single_select_option","tests","2026-09-28","passed","2026-09-28","TestDropdowns","test_dropdowns","",""
"","245","test_cancel_modal","tests","2026-09-28","passed","2026-09-28","TestModals","test_modals","",""
"","223","test_form_validation[age--1]","tests","2026-09-28","passed","2026-09-28","TestForms","test_forms","",""
"","2940","test_async_load_error","tests","2026-09-28","passed","2026-09-28","TestAsyncButtons","test_async_buttons","",""
"","286","test_form_validation[email-not-an-email]","tests","2026-09-28","passed","2026-09-28","TestForms","test_forms","",""
"","152","test_url_input_fill","tests","2026-09-28","passed","2026-09-28","TestInputs","test_inputs","",""
"","366","test_agree_checkbox_uncheck","tests","2026-09-28","passed","2026-09-28","TestCheckboxes","test_checkboxes","",""
"","165","test_open_modal","tests","2026-09-28","passed","2026-09-28","TestModals","test_modals","",""
"","110","test_search_input_fill","tests","2026-09-28","passed","2026-09-28","TestInputs","test_inputs","",""
"","266","test_confirm_modal","tests","2026-09-28","passed","2026-09-28","TestModals","test_modals","",""
"","165","test_drag_item_to_drop_zone","tests","2026-09-28","passed","2026-09-28","TestDragDrop","test_drag_and_drop","",""
"","184","test_multi_select_options","tests","2026-09-28","passed","2026-09-28","TestDropdowns","test_dropdowns","",""
"","76","test_table_cell_content","tests","2026-09-28","passed","2026-09-28","TestTables","test_tables","",""
"","131","test_panel_toggle_show","tests","2026-09-28","passed","2026-09-28","TestDynamicVisibility","test_dynamic_visibility","",""
"","151","test_disabled_checkbox_state","tests","2026-09-28","passed","2026-09-28","TestCheckboxes","test_checkboxes","",""
"","169","test_secondary_button_click","tests","2026-09-28","passed","2026-09-28","TestButtons","test_buttons","",""
"","294","test_notifications_checkbox_toggle","tests","2026-09-28","passed","2026-09-28","TestCheckboxes","test_checkboxes","",""
